{"loss": [4.544222354888916, 4.134298801422119, 3.5630297660827637, 3.11006760597229, 2.8339884281158447, 2.608398199081421, 2.4590024948120117, 2.286275863647461, 2.18605899810791, 2.0647072792053223, 1.9520163536071777, 1.8505839109420776, 1.7449766397476196, 1.6879960298538208, 1.6205374002456665, 1.5491255521774292, 1.494464635848999, 1.4250147342681885, 1.4024158716201782, 1.31699538230896, 1.2923153638839722, 1.2516727447509766, 1.1769614219665527, 1.1281367540359497, 1.1099528074264526, 1.0589725971221924, 1.0194000005722046, 0.9987567663192749, 0.9350530505180359, 0.9286242127418518, 0.8755247592926025, 0.8602765202522278, 0.8337225317955017, 0.7808251976966858, 0.7832996845245361, 0.7373815178871155, 0.7155018448829651, 0.7037340402603149, 0.667899489402771, 0.642304539680481, 0.6456233859062195, 0.6140543222427368, 0.6059525012969971, 0.5757089257240295, 0.5727056264877319, 0.5166855454444885, 0.5282745361328125, 0.5026628971099854, 0.4901677072048187, 0.501819372177124], "accuracy": [0.023736780509352684, 0.08053270727396011, 0.16263219714164734, 0.23102232813835144, 0.2851547300815582, 0.3289463520050049, 0.36090874671936035, 0.4004700481891632, 0.42209166288375854, 0.44998040795326233, 0.4722287356853485, 0.5021543502807617, 0.5326282978057861, 0.540618896484375, 0.5582451820373535, 0.5776733160018921, 0.5898159146308899, 0.599608302116394, 0.6054837703704834, 0.6250685453414917, 0.6368194222450256, 0.644183337688446, 0.6589111089706421, 0.6769291162490845, 0.6806893944740295, 0.6962788701057434, 0.7034077644348145, 0.7065412998199463, 0.7211907505989075, 0.7215040922164917, 0.7382687330245972, 0.7443008422851562, 0.7512730360031128, 0.7638072967529297, 0.7656874060630798, 0.7752448320388794, 0.7831570506095886, 0.785977303981781, 0.7920094132423401, 0.8043086528778076, 0.8028985261917114, 0.8135526776313782, 0.8133176565170288, 0.8173129558563232, 0.8257735967636108, 0.8311006426811218, 0.8318840861320496, 0.841206431388855, 0.8446093797683716, 0.8408930897712708], "val_loss": [4.578679084777832, 3.9777638912200928, 3.1255013942718506, 3.0020432472229004, 2.683344841003418, 2.2913618087768555, 2.119842767715454, 2.020237445831299, 2.3071792125701904, 1.8472096920013428, 1.8477373123168945, 1.7493425607681274, 1.9346853494644165, 1.547245979309082, 1.8462793827056885, 1.7195708751678467, 1.5862905979156494, 1.6273250579833984, 1.4480561017990112, 1.6481424570083618, 1.5662500858306885, 1.4671152830123901, 1.4017932415008545, 2.0731241703033447, 1.256916880607605, 1.6946274042129517, 1.66385018825531, 1.2087253332138062, 1.8234251737594604, 1.3794828653335571, 1.4384938478469849, 1.4394001960754395, 1.4578900337219238, 1.2532423734664917, 1.4527478218078613, 1.414165735244751, 1.576626181602478, 1.4993250370025635, 1.581687569618225, 1.4259235858917236, 1.30020010471344, 1.4778790473937988, 1.3472485542297363, 1.567833423614502, 1.3534895181655884, 1.4360424280166626, 1.4470232725143433, 1.3125581741333008, 1.792263150215149, 1.7612261772155762], "val_accuracy": [0.01446416787803173, 0.09335963428020477, 0.24523340165615082, 0.24983564019203186, 0.30834975838661194, 0.4056541621685028, 0.44510191679000854, 0.48257726430892944, 0.3911899924278259, 0.5121630430221558, 0.5161077976226807, 0.5522682666778564, 0.5180802345275879, 0.6107823848724365, 0.565417468547821, 0.5779092907905579, 0.586456298828125, 0.5963181853294373, 0.6285338401794434, 0.6107823848724365, 0.6015779376029968, 0.6193293929100037, 0.6732413172721863, 0.5772517919540405, 0.7113741040229797, 0.6193293929100037, 0.6331360936164856, 0.7264957427978516, 0.6199868321418762, 0.7028270959854126, 0.6633793711662292, 0.704799473285675, 0.6758711338043213, 0.7192636132240295, 0.738330066204071, 0.7389875054359436, 0.7034845352172852, 0.6975674033164978, 0.6955950260162354, 0.7008547186851501, 0.7317554354667664, 0.7192636132240295, 0.7370151281356812, 0.7034845352172852, 0.7876397371292114, 0.7554240822792053, 0.7712031602859497, 0.7593688368797302, 0.6785010099411011, 0.7389875054359436]}